compound_id,conc_nM,response_pct
CPD-0001,10000.0,93.6
CPD-0001,10000.0,98.7
CPD-0001,3333.333,99.5
CPD-0001,3333.333,94.7
CPD-0001,1111.111,88.3
CPD-0001,1111.111,92.4
CPD-0001,370.37,83.5
CPD-0001,370.37,85.5
CPD-0001,123.457,55.4
CPD-0001,123.457,55.2
CPD-0001,41.152,33.4
CPD-0001,41.152,32.6
CPD-0001,13.717,17.4
CPD-0001,13.717,15.6
CPD-0001,4.572,4.4
CPD-0001,4.572,3.9
CPD-0001,1.524,10.4
CPD-0001,1.524,1.2
CPD-0001,0.508,-1.2
CPD-0001,0.508,-2.3
CPD-0002,10000.0,100.3
CPD-0002,10000.0,100.4
CPD-0002,3333.333,98.8
CPD-0002,3333.333,99.7
CPD-0002,1111.111,100.7
CPD-0002,1111.111,102.0
CPD-0002,370.37,102.9
CPD-0002,370.37,100.0
CPD-0002,123.457,92.4
CPD-0002,123.457,100.3
CPD-0002,41.152,89.9
CPD-0002,41.152,93.9
CPD-0002,13.717,80.4
CPD-0002,13.717,85.1
CPD-0002,4.572,63.1
CPD-0002,4.572,66.3
CPD-0002,1.524,49.4
CPD-0002,1.524,38.7
CPD-0002,0.508,20.2
CPD-0002,0.508,13.2
CPD-0003,10000.0,98.1
CPD-0003,10000.0,101.1
CPD-0003,3333.333,98.6
CPD-0003,3333.333,100.1
CPD-0003,1111.111,99.1
CPD-0003,1111.111,95.6
CPD-0003,370.37,100.0
CPD-0003,370.37,95.6
CPD-0003,123.457,102.1
CPD-0003,123.457,94.5
CPD-0003,41.152,91.2
CPD-0003,41.152,89.0
CPD-0003,13.717,72.8
CPD-0003,13.717,67.9
CPD-0003,4.572,42.4
CPD-0003,4.572,38.8
CPD-0003,1.524,19.9
CPD-0003,1.524,17.8
CPD-0003,0.508,6.6
CPD-0003,0.508,3.6
CPD-0004,10000.0,99.2
CPD-0004,10000.0,98.2
CPD-0004,3333.333,101.6
CPD-0004,3333.333,95.1
CPD-0004,1111.111,96.9
CPD-0004,1111.111,96.8
CPD-0004,370.37,93.1
CPD-0004,370.37,92.8
CPD-0004,123.457,85.6
CPD-0004,123.457,83.1
CPD-0004,41.152,67.1
CPD-0004,41.152,69.1
CPD-0004,13.717,49.9
CPD-0004,13.717,52.9
CPD-0004,4.572,29.1
CPD-0004,4.572,29.3
CPD-0004,1.524,14.1
CPD-0004,1.524,13.8
CPD-0004,0.508,5.3
CPD-0004,0.508,7.1
CPD-0005,10000.0,100.2
CPD-0005,10000.0,93.5
CPD-0005,3333.333,90.7
CPD-0005,3333.333,99.1
CPD-0005,1111.111,86.6
CPD-0005,1111.111,89.0
CPD-0005,370.37,66.6
CPD-0005,370.37,60.2
CPD-0005,123.457,37.9
CPD-0005,123.457,35.8
CPD-0005,41.152,11.2
CPD-0005,41.152,13.0
CPD-0005,13.717,5.1
CPD-0005,13.717,1.9
CPD-0005,4.572,3.0
CPD-0005,4.572,4.6
CPD-0005,1.524,6.7
CPD-0005,1.524,5.4
CPD-0005,0.508,3.2
CPD-0005,0.508,7.4
CPD-0006,10000.0,97.6
CPD-0006,10000.0,102.5
CPD-0006,3333.333,103.5
CPD-0006,3333.333,99.0
CPD-0006,1111.111,94.2
CPD-0006,1111.111,97.0
CPD-0006,370.37,100.5
CPD-0006,370.37,101.4
CPD-0006,123.457,104.2
CPD-0006,123.457,96.1
CPD-0006,41.152,97.9
CPD-0006,41.152,99.9
CPD-0006,13.717,93.3
CPD-0006,13.717,86.3
CPD-0006,4.572,86.1
CPD-0006,4.572,91.0
CPD-0006,1.524,66.1
CPD-0006,1.524,59.9
CPD-0006,0.508,34.8
CPD-0006,0.508,36.8
CPD-0007,10000.0,106.8
CPD-0007,10000.0,100.8
CPD-0007,3333.333,98.7
CPD-0007,3333.333,103.3
CPD-0007,1111.111,96.4
CPD-0007,1111.111,102.6
CPD-0007,370.37,89.4
CPD-0007,370.37,90.1
CPD-0007,123.457,80.3
CPD-0007,123.457,82.5
CPD-0007,41.152,54.2
CPD-0007,41.152,53.1
CPD-0007,13.717,19.3
CPD-0007,13.717,22.8
CPD-0007,4.572,7.7
CPD-0007,4.572,8.0
CPD-0007,1.524,5.6
CPD-0007,1.524,2.7
CPD-0007,0.508,4.4
CPD-0007,0.508,2.1
CPD-0008,10000.0,89.0
CPD-0008,10000.0,90.5
CPD-0008,3333.333,86.0
CPD-0008,3333.333,87.4
CPD-0008,1111.111,66.0
CPD-0008,1111.111,66.8
CPD-0008,370.37,32.9
CPD-0008,370.37,42.4
CPD-0008,123.457,18.7
CPD-0008,123.457,13.5
CPD-0008,41.152,3.7
CPD-0008,41.152,1.3
CPD-0008,13.717,3.3
CPD-0008,13.717,3.5
CPD-0008,4.572,9.2
CPD-0008,4.572,3.0
CPD-0008,1.524,-0.4
CPD-0008,1.524,-5.8
CPD-0008,0.508,6.5
CPD-0008,0.508,2.6
CPD-0009,10000.0,92.5
CPD-0009,10000.0,98.3
CPD-0009,3333.333,91.9
CPD-0009,3333.333,108.2
CPD-0009,1111.111,98.9
CPD-0009,1111.111,97.2
CPD-0009,370.37,89.9
CPD-0009,370.37,83.6
CPD-0009,123.457,77.9
CPD-0009,123.457,73.4
CPD-0009,41.152,57.8
CPD-0009,41.152,49.1
CPD-0009,13.717,27.2
CPD-0009,13.717,34.0
CPD-0009,4.572,17.9
CPD-0009,4.572,8.8
CPD-0009,1.524,-0.3
CPD-0009,1.524,7.4
CPD-0009,0.508,4.3
CPD-0009,0.508,-1.6
CPD-0010,10000.0,97.8
CPD-0010,10000.0,97.8
CPD-0010,3333.333,96.2
CPD-0010,3333.333,97.8
CPD-0010,1111.111,103.9
CPD-0010,1111.111,102.1
CPD-0010,370.37,106.3
CPD-0010,370.37,99.4
CPD-0010,123.457,98.4
CPD-0010,123.457,95.7
CPD-0010,41.152,95.3
CPD-0010,41.152,91.5
CPD-0010,13.717,80.1
CPD-0010,13.717,88.0
CPD-0010,4.572,66.4
CPD-0010,4.572,64.5
CPD-0010,1.524,34.9
CPD-0010,1.524,31.4
CPD-0010,0.508,8.8
CPD-0010,0.508,11.4
CPD-0011,10000.0,84.1
CPD-0011,10000.0,81.7
CPD-0011,3333.333,64.5
CPD-0011,3333.333,65.2
CPD-0011,1111.111,36.1
CPD-0011,1111.111,36.6
CPD-0011,370.37,8.8
CPD-0011,370.37,14.9
CPD-0011,123.457,2.8
CPD-0011,123.457,4.0
CPD-0011,41.152,4.3
CPD-0011,41.152,-2.2
CPD-0011,13.717,-6.2
CPD-0011,13.717,2.5
CPD-0011,4.572,-2.2
CPD-0011,4.572,4.2
CPD-0011,1.524,1.1
CPD-0011,1.524,3.2
CPD-0011,0.508,2.4
CPD-0011,0.508,-6.7
CPD-0012,10000.0,102.1
CPD-0012,10000.0,97.7
CPD-0012,3333.333,97.1
CPD-0012,3333.333,98.1
CPD-0012,1111.111,101.1
CPD-0012,1111.111,101.5
CPD-0012,370.37,99.7
CPD-0012,370.37,91.2
CPD-0012,123.457,89.2
CPD-0012,123.457,83.5
CPD-0012,41.152,79.0
CPD-0012,41.152,81.3
CPD-0012,13.717,56.6
CPD-0012,13.717,59.8
CPD-0012,4.572,36.2
CPD-0012,4.572,38.7
CPD-0012,1.524,15.2
CPD-0012,1.524,15.2
CPD-0012,0.508,6.1
CPD-0012,0.508,14.2
CPD-0013,10000.0,103.5
CPD-0013,10000.0,99.6
CPD-0013,3333.333,100.7
CPD-0013,3333.333,100.4
CPD-0013,1111.111,100.6
CPD-0013,1111.111,99.3
CPD-0013,370.37,98.8
CPD-0013,370.37,95.9
CPD-0013,123.457,97.6
CPD-0013,123.457,105.0
CPD-0013,41.152,100.8
CPD-0013,41.152,99.2
CPD-0013,13.717,96.5
CPD-0013,13.717,97.4
CPD-0013,4.572,93.1
CPD-0013,4.572,89.9
CPD-0013,1.524,79.8
CPD-0013,1.524,80.0
CPD-0013,0.508,53.6
CPD-0013,0.508,53.4
CPD-0014,10000.0,91.7
CPD-0014,10000.0,91.5
CPD-0014,3333.333,95.5
CPD-0014,3333.333,85.1
CPD-0014,1111.111,85.9
CPD-0014,1111.111,84.8
CPD-0014,370.37,70.8
CPD-0014,370.37,73.1
CPD-0014,123.457,52.8
CPD-0014,123.457,49.4
CPD-0014,41.152,24.8
CPD-0014,41.152,23.3
CPD-0014,13.717,10.3
CPD-0014,13.717,13.7
CPD-0014,4.572,3.2
CPD-0014,4.572,0.8
CPD-0014,1.524,-1.9
CPD-0014,1.524,-1.4
CPD-0014,0.508,-3.0
CPD-0014,0.508,4.9
CPD-0015,10000.0,3.2
CPD-0015,10000.0,1.2
CPD-0015,3333.333,7.1
CPD-0015,3333.333,-0.3
CPD-0015,1111.111,4.6
CPD-0015,1111.111,4.8
CPD-0015,370.37,-3.4
CPD-0015,370.37,-3.4
CPD-0015,123.457,-1.2
CPD-0015,123.457,5.2
CPD-0015,41.152,6.5
CPD-0015,41.152,-2.3
CPD-0015,13.717,5.7
CPD-0015,13.717,0.7
CPD-0015,4.572,0.6
CPD-0015,4.572,0.1
CPD-0015,1.524,0.9
CPD-0015,1.524,-4.4
CPD-0015,0.508,-1.5
CPD-0015,0.508,-2.3
CPD-0016,10000.0,3.7
CPD-0016,10000.0,9.3
CPD-0016,3333.333,11.6
CPD-0016,3333.333,0.8
CPD-0016,1111.111,-4.0
CPD-0016,1111.111,0.6
CPD-0016,370.37,-1.3
CPD-0016,370.37,8.9
CPD-0016,123.457,4.0
CPD-0016,123.457,-0.6
CPD-0016,41.152,5.3
CPD-0016,41.152,3.9
CPD-0016,13.717,-3.7
CPD-0016,13.717,0.1
CPD-0016,4.572,1.2
CPD-0016,4.572,2.1
CPD-0016,1.524,2.5
CPD-0016,1.524,0.8
CPD-0016,0.508,2.7
CPD-0016,0.508,-0.1
CPD-0017,10000.0,-1.1
CPD-0017,10000.0,7.3
CPD-0017,3333.333,3.3
CPD-0017,3333.333,3.5
CPD-0017,1111.111,-3.6
CPD-0017,1111.111,1.4
CPD-0017,370.37,4.9
CPD-0017,370.37,-2.5
CPD-0017,123.457,5.8
CPD-0017,123.457,0.6
CPD-0017,41.152,3.4
CPD-0017,41.152,1.5
CPD-0017,13.717,2.8
CPD-0017,13.717,6.2
CPD-0017,4.572,0.6
CPD-0017,4.572,7.5
CPD-0017,1.524,-0.7
CPD-0017,1.524,-1.3
CPD-0017,0.508,4.5
CPD-0017,0.508,-1.7
CPD-0018,10000.0,14.9
CPD-0018,10000.0,19.0
CPD-0018,3333.333,9.9
CPD-0018,3333.333,0.3
CPD-0018,1111.111,3.7
CPD-0018,1111.111,8.1
CPD-0018,370.37,4.5
CPD-0018,370.37,-0.1
CPD-0018,123.457,-1.7
CPD-0018,123.457,-0.7
CPD-0018,41.152,-3.6
CPD-0018,41.152,-0.8
CPD-0018,13.717,-0.6
CPD-0018,13.717,-0.4
CPD-0018,4.572,3.8
CPD-0018,4.572,-0.7
CPD-0018,1.524,-4.7
CPD-0018,1.524,3.4
CPD-0018,0.508,-3.4
CPD-0018,0.508,-1.4
