compound_id,smiles
CPD-0001,Cc1ccc(NC(=O)c2ccc(CN3CCN(C)CC3)cc2)cc1Nc1nccc(-c2cccnc2)n1
CPD-0002,COc1cc2ncnc(Nc3ccc(F)c(Cl)c3)c2cc1OCCCN1CCOCC1
CPD-0003,COCCOc1cc2ncnc(Nc3cccc(C#C)c3)c2cc1OCCOC
CPD-0004,CS(=O)(=O)CCNCc1ccc(o1)-c1ccc2ncnc(Nc3ccc(OCc4cccc(F)c4)c(Cl)c3)c2c1
CPD-0005,CNC(=O)c1cc(Oc2ccc(NC(=O)Nc3ccc(Cl)c(C(F)(F)F)c3)cc2)ccn1
CPD-0006,Cc1nc(Nc2ncc(s2)C(=O)Nc2c(C)cccc2Cl)cc(n1)N1CCN(CCO)CC1
CPD-0007,CCN(CC)CCNC(=O)c1c(C)[nH]c(C=C2C(=O)Nc3ccc(F)cc23)c1C
CPD-0008,CCCS(=O)(=O)Nc1ccc(F)c(C(=O)c2c[nH]c3ncc(cc23)-c2ccc(Cl)cc2)c1F
CPD-0009,Cc1cn(cn1)-c1cc(NC(=O)c2ccc(C)c(Nc3nccc(n3)-c3cccnc3)c2)cc(c1)C(F)(F)F
CPD-0010,CC(Oc1cc(cnc1N)-c1cnn(c1)C1CCNCC1)c1c(Cl)ccc(F)c1Cl
CPD-0011,CC1CCN(CC1N(C)c1ncnc2[nH]ccc12)C(=O)CC#N
CPD-0012,N#CCC(C1CCCC1)n1cc(cn1)-c1ncnc2[nH]ccc12
CPD-0013,CNC(=O)c1ccccc1Sc1ccc2c(C=Cc3ccccn3)n[nH]c2c1
CPD-0014,Cc1ccc(Nc2nccc(n2)N(C)c2ccc3c(C)n(C)nc3c2)cc1S(N)(=O)=O
CPD-0015,Cn1cnc2c1c(=O)n(C)c(=O)n2C
CPD-0016,CC(=O)Oc1ccccc1C(=O)O
CPD-0017,CC(C)Cc1ccc(cc1)C(C)C(=O)O
CPD-0018,Cc1ccc(NC(=O)c2ccc(CN3CCNCC3)cc2)cc1Nc1nccc(-c2cccnc2)n1
